{"scan": 0, "distance": 287.3262669250655}
{"scan": 1, "distance": 9525.569668017759}
{"scan": 2, "distance": 10328.292467415724}
{"scan": 3, "distance": 10353.523359990813}
{"scan": 4, "distance": 10426.394668342466}
{"scan": 5, "distance": 10227.728098837233}
{"scan": 6, "distance": 10224.028026668857}
{"scan": 7, "distance": 10473.643278247175}
{"scan": 8, "distance": 10541.91882518019}
{"scan": 9, "distance": 10168.067977244378}
{"scan": 10, "distance": 10181.950066993613}
{"scan": 11, "distance": 10048.481228554205}
{"scan": 12, "distance": 7544.619376250759}
{"scan": 13, "distance": 10056.3328303885}
{"scan": 14, "distance": 10703.776073730993}
{"scan": 15, "distance": 10043.34103883046}
{"scan": 16, "distance": 10227.953413132886}
{"scan": 17, "distance": 10181.751204386781}
{"scan": 18, "distance": 10335.629082255125}
{"scan": 19, "distance": 10665.460052260289}
{"scan": 20, "distance": 10950.474975894587}
{"scan": 21, "distance": 10293.081942693016}
{"scan": 22, "distance": 9057.63069073901}
{"scan": 23, "distance": 10185.48824335694}
{"scan": 24, "distance": 11005.129366230945}
{"scan": 25, "distance": 10889.468368264232}
{"scan": 26, "distance": 10315.039206505493}
{"scan": 27, "distance": 10761.421808925745}
{"scan": 28, "distance": 10311.704524054427}
{"scan": 29, "distance": 10856.809576463742}
{"scan": 30, "distance": 10280.316965441787}
{"scan": 31, "distance": 10616.317704155825}
{"scan": 32, "distance": 10447.327684097454}
{"scan": 33, "distance": 10774.599199818094}
{"scan": 34, "distance": 10205.903675150063}
{"scan": 35, "distance": 10758.50483033934}
{"scan": 36, "distance": 10649.498787531102}
{"scan": 37, "distance": 10137.177625444228}
{"scan": 38, "distance": 10260.321661167445}
{"scan": 39, "distance": 8732.595392745587}
{"scan": 40, "distance": 10315.755846809989}
{"scan": 41, "distance": 10815.539044081961}
{"scan": 42, "distance": 11050.617533376751}
{"scan": 43, "distance": 11016.507497656965}
{"scan": 44, "distance": 10778.109526434024}
{"scan": 45, "distance": 10294.91315578641}
{"scan": 46, "distance": 10644.546222825462}
{"scan": 47, "distance": 9601.810331844037}
{"scan": 48, "distance": 8233.130825888255}
{"scan": 49, "distance": 10133.468499546625}
{"scan": 50, "distance": 10737.025205642656}
{"scan": 51, "distance": 10449.717708275533}
{"scan": 52, "distance": 10302.063921810892}
{"scan": 53, "distance": 10311.038566282603}
{"scan": 54, "distance": 11142.927609733437}
{"scan": 55, "distance": 10125.057072816202}
{"scan": 56, "distance": 10151.037257107524}
{"scan": 57, "distance": 10822.584657663238}
{"scan": 58, "distance": 10262.760908327535}
{"scan": 59, "distance": 11143.513423714174}
{"scan": 60, "distance": 10337.122979241296}
{"scan": 61, "distance": 10818.32608536578}
{"scan": 62, "distance": 10245.005194314941}
{"scan": 63, "distance": 10779.122907650131}
{"scan": 64, "distance": 11114.711466415863}
{"scan": 65, "distance": 10804.535940000453}
{"scan": 66, "distance": 10261.514719656683}
{"scan": 67, "distance": 10513.187950397862}
{"scan": 68, "distance": 10779.082078631911}
{"scan": 69, "distance": 10648.687274974453}
{"scan": 70, "distance": 8309.666510422401}
{"scan": 71, "distance": 10332.87271783674}
{"scan": 72, "distance": 10286.299139097486}
{"scan": 73, "distance": 11116.114641510852}
{"scan": 74, "distance": 10724.421615403642}
{"scan": 75, "distance": 11035.894774509234}
{"scan": 76, "distance": 10277.127003593356}
{"scan": 77, "distance": 10089.56441284407}
{"scan": 78, "distance": 11120.359063630509}
{"scan": 79, "distance": 10586.200967081719}
{"scan": 80, "distance": 10298.175631465721}
{"scan": 81, "distance": 11163.656119918202}
{"scan": 82, "distance": 11068.709292258018}
{"scan": 83, "distance": 10809.6715926751}
{"scan": 84, "distance": 10477.565222220132}
{"scan": 85, "distance": 10382.066522812382}
{"scan": 86, "distance": 10250.271333360077}
{"scan": 87, "distance": 10967.339064498514}
{"scan": 88, "distance": 8669.15851501411}
{"scan": 89, "distance": 8232.367565293087}
{"scan": 90, "distance": 10786.743805342632}
{"scan": 91, "distance": 10277.73604536148}
{"scan": 92, "distance": 10302.225331540863}
{"scan": 93, "distance": 11120.293746742771}
{"scan": 94, "distance": 10863.230479666692}
{"scan": 95, "distance": 10773.041645259038}
{"scan": 96, "distance": 10682.264640385336}
{"scan": 97, "distance": 10277.299458002642}
{"scan": 98, "distance": 10246.103388382398}
{"scan": 99, "distance": 10286.924545675505}
{"scan": 100, "distance": 10283.696538417005}
{"scan": 101, "distance": 10315.76408855716}
